Aedes_aegypti_yellow_fever_mosquito_Culicidae_EAT47891.1	Aedes_aegypti
Aedes_albopictus_Asian_tiger_mosquito_Culicidae_XP_019547030.1	Aedes_albopictus
Aedes_aegypti_yellow_fever_mosquito_Culicidae_XP_021707378.1	Aedes_aegypti
Aedes_albopictus_Asian_tiger_mosquito_Culicidae_XP_019534168.1	Aedes_albopictus
Culex_quinquefasciatus_southern_house_mosquito_Culicidae_EDS30081.1	Culex_quinquefasciatus
Anopheles_darlingi_American_malaria_mosquito_Culicidae_ETN63018.1	Anopheles_darlingi
Anopheles_gambiae_str._PEST_African_malaria_mosquito_Culicidae_EAA14899.4	Anopheles_gambiae
Anopheles_sinensis_mosquitos_Culicidae_KFB43061.1	Anopheles_sinensis
Clunio_marinus_flies_Chironomidae_CRK88362.1	Clunio_marinus
Anoplophora_glabripennis_Asian_longhorned_beetle_Cerambycidae_XP_018569333.1	Anoplophora_glabripennis
Anoplophora_glabripennis_Asian_longhorned_beetle_Cerambycidae_XP_018569351.1	Anoplophora_glabripennis
Anoplophora_glabripennis_Asian_longhorned_beetle_Cerambycidae_XP_018569352.1	Anoplophora_glabripennis
Anoplophora_glabripennis_Asian_longhorned_beetle_Cerambycidae_XP_018569343.1	Anoplophora_glabripennis
Anoplophora_glabripennis_Asian_longhorned_beetle_Cerambycidae_XP_018569372.1	Anoplophora_glabripennis
Anoplophora_glabripennis_Asian_longhorned_beetle_Cerambycidae_XP_018569373.1	Anoplophora_glabripennis
Anoplophora_glabripennis_Asian_longhorned_beetle_Cerambycidae_XP_018569348.1	Anoplophora_glabripennis
Anoplophora_glabripennis_Asian_longhorned_beetle_Cerambycidae_XP_018577150.1	Anoplophora_glabripennis
Rhagoletis_zephyria_snowberry_fruit_fly_Tephritidae_XP_017487830.1	Rhagoletis_zephyria
Homo_sapiens_human_Hominidae_NP_690608.1	Homo_sapiens
Bactrocera_dorsalis_oriental_fruit_fly_Tephritidae_XP_011208874.1	Bactrocera_dorsalis
Bactrocera_dorsalis_oriental_fruit_fly_Tephritidae_XP_011208904.1	Bactrocera_dorsalis
Bactrocera_oleae_olive_fruit_fly_Tephritidae_XP_014103567.1	Bactrocera_oleae
Bactrocera_oleae_olive_fruit_fly_Tephritidae_XP_014103569.1	Bactrocera_oleae
Zeugodacus_cucurbitae_melon_fly_Tephritidae_XP_011177932.1	Zeugodacus_cucurbitae
Rhagoletis_zephyria_snowberry_fruit_fly_Tephritidae_XP_017463952.1	Rhagoletis_zephyria
Rhagoletis_zephyria_snowberry_fruit_fly_Tephritidae_XP_017463957.1	Rhagoletis_zephyria
Bactrocera_dorsalis_oriental_fruit_fly_Tephritidae_XP_019847224.1	Bactrocera_dorsalis
Bactrocera_oleae_olive_fruit_fly_Tephritidae_XP_014103597.1	Bactrocera_oleae
Zeugodacus_cucurbitae_melon_fly_Tephritidae_XP_011177931.1	Zeugodacus_cucurbitae
Rhagoletis_zephyria_snowberry_fruit_fly_Tephritidae_XP_017463943.1	Rhagoletis_zephyria
Bactrocera_latifrons_flies_Tephritidae_XP_018802378.1	Bactrocera_latifrons
Bactrocera_oleae_olive_fruit_fly_Tephritidae_XP_014100924.1	Bactrocera_oleae
Rhagoletis_zephyria_snowberry_fruit_fly_Tephritidae_XP_017489200.1	Rhagoletis_zephyria
Drosophila_ananassae_flies_Drosophilidae_KPU77448.1	Drosophila_ananassae
Drosophila_bipectinata_flies_Drosophilidae_XP_017109388.1	Drosophila_bipectinata
Drosophila_biarmipes_flies_Drosophilidae_XP_016950475.1	Drosophila_biarmipes
Drosophila_suzukii_flies_Drosophilidae_XP_016923841.1	Drosophila_suzukii
Drosophila_takahashii_flies_Drosophilidae_XP_016999663.1	Drosophila_takahashii
Drosophila_elegans_flies_Drosophilidae_XP_017115146.1	Drosophila_elegans
Drosophila_rhopaloa_flies_Drosophilidae_XP_016986237.1	Drosophila_rhopaloa
Drosophila_eugracilis_flies_Drosophilidae_XP_017065069.1	Drosophila_eugracilis
Drosophila_melanogaster_fruit_fly_Drosophilidae_AAN09306.2	Drosophila_melanogaster
Drosophila_sechellia_flies_Drosophilidae_EDW53753.1	Drosophila_sechellia
Drosophila_yakuba_flies_Drosophilidae_EDX00967.1	Drosophila_yakuba
Drosophila_kikkawai_flies_Drosophilidae_XP_017029996.1	Drosophila_kikkawai
Drosophila_serrata_flies_Drosophilidae_XP_020804937.1	Drosophila_serrata
Drosophila_ficusphila_flies_Drosophilidae_XP_017056315.1	Drosophila_ficusphila
Drosophila_miranda_flies_Drosophilidae_XP_017136629.1	Drosophila_miranda
Drosophila_persimilis_flies_Drosophilidae_EDW27442.1	Drosophila_persimilis
Drosophila_obscura_flies_Drosophilidae_XP_022217077.1	Drosophila_obscura
Drosophila_ananassae_flies_Drosophilidae_KPU79865.1	Drosophila_ananassae
Drosophila_bipectinata_flies_Drosophilidae_XP_017101818.1	Drosophila_bipectinata
Drosophila_ananassae_flies_Drosophilidae_KPU79867.1	Drosophila_ananassae
Drosophila_bipectinata_flies_Drosophilidae_XP_017101820.1	Drosophila_bipectinata
Drosophila_bipectinata_flies_Drosophilidae_XP_017101819.1	Drosophila_bipectinata
Drosophila_bipectinata_flies_Drosophilidae_XP_017101821.1	Drosophila_bipectinata
Drosophila_biarmipes_flies_Drosophilidae_XP_016960291.1	Drosophila_biarmipes
Drosophila_erecta_flies_Drosophilidae_EDV48921.1	Drosophila_erecta
Drosophila_yakuba_flies_Drosophilidae_KRK03823.1	Drosophila_yakuba
Drosophila_melanogaster_fruit_fly_Drosophilidae_AGB95961.1	Drosophila_melanogaster
Drosophila_sechellia_flies_Drosophilidae_EDW42149.1	Drosophila_sechellia
Drosophila_simulans_flies_Drosophilidae_EDX12917.1	Drosophila_simulans
Drosophila_takahashii_flies_Drosophilidae_XP_017002592.1	Drosophila_takahashii
Drosophila_eugracilis_flies_Drosophilidae_XP_017073118.1	Drosophila_eugracilis
Drosophila_suzukii_flies_Drosophilidae_XP_016937589.1	Drosophila_suzukii
Drosophila_serrata_flies_Drosophilidae_XP_020812821.1	Drosophila_serrata
Drosophila_miranda_flies_Drosophilidae_XP_017140878.1	Drosophila_miranda
Drosophila_persimilis_flies_Drosophilidae_EDW23898.1	Drosophila_persimilis
Drosophila_pseudoobscura_pseudoobscura_flies_Drosophilidae_EDY67765.1	Drosophila_pseudoobscura
Drosophila_obscura_flies_Drosophilidae_XP_022211485.1	Drosophila_obscura
Drosophila_willistoni_flies_Drosophilidae_KRF99329.1	Drosophila_willistoni
Drosophila_arizonae_flies_Drosophilidae_XP_017871268.1	Drosophila_arizonae
Drosophila_mojavensis_flies_Drosophilidae_KRG07001.1	Drosophila_mojavensis
Drosophila_navojoa_flies_Drosophilidae_XP_017964926.1	Drosophila_navojoa
Drosophila_virilis_flies_Drosophilidae_EDW57403.2	Drosophila_virilis
Drosophila_busckii_flies_Drosophilidae_XP_017850774.1	Drosophila_busckii
Drosophila_willistoni_flies_Drosophilidae_EDW82607.2	Drosophila_willistoni
Stomoxys_calcitrans_stable_fly_Muscidae_XP_013097920.1	Stomoxys_calcitrans
Clunio_marinus_flies_Chironomidae_CRK91220.1	Clunio_marinus
Clunio_marinus_flies_Chironomidae_CRK93383.1	Clunio_marinus
Aedes_albopictus_Asian_tiger_mosquito_Culicidae_KXJ77200.1	Aedes_albopictus
Aedes_albopictus_Asian_tiger_mosquito_Culicidae_XP_019533138.1	Aedes_albopictus
Anopheles_sinensis_mosquitos_Culicidae_KFB37626.1	Anopheles_sinensis
Anopheles_darlingi_American_malaria_mosquito_Culicidae_ETN58798.1	Anopheles_darlingi
Anopheles_sinensis_mosquitos_Culicidae_KFB37625.1	Anopheles_sinensis
Anopheles_sinensis_mosquitos_Culicidae_KFB45338.1	Anopheles_sinensis
Aedes_albopictus_Asian_tiger_mosquito_Culicidae_KXJ72638.1	Aedes_albopictus
Aedes_albopictus_Asian_tiger_mosquito_Culicidae_XP_019547023.1	Aedes_albopictus
Culex_quinquefasciatus_southern_house_mosquito_Culicidae_EDS29412.1	Culex_quinquefasciatus
